epoch,accuracy,learning_rate,loss,precision,recall,val_accuracy,val_loss,val_precision,val_recall
0,0.5408851504325867,0.0010000000474974513,0.7504472732543945,0.538646399974823,0.5685672163963318,0.5276294946670532,0.6989161372184753,0.6290726661682129,0.13404539227485657
1,0.561377763748169,0.0010000000474974513,0.699728786945343,0.5567788481712341,0.6010147929191589,0.5890282988548279,0.6709145903587341,0.5946022868156433,0.558878481388092
2,0.5711901783943176,0.0010000000474974513,0.685598611831665,0.5671585202217102,0.6004806756973267,0.608916163444519,0.6579471826553345,0.5860612392425537,0.7409879565238953
