epoch,accuracy,learning_rate,loss,precision,recall,val_accuracy,val_loss,val_precision,val_recall
0,0.5314732193946838,0.0010000000474974513,0.7521446347236633,0.5304561853408813,0.5465348958969116,0.5531233549118042,0.6824519038200378,0.5865678191184998,0.35914552211761475
1,0.5464922189712524,0.0010000000474974513,0.6990010142326355,0.5443636178970337,0.5693684220314026,0.5632674694061279,0.6778708696365356,0.5519209504127502,0.6712950468063354
2,0.5535011291503906,0.0010000000474974513,0.6888038516044617,0.5519210696220398,0.5677660703659058,0.5848905444145203,0.6726198792457581,0.562983512878418,0.7578104138374329
